{
  "project_info": {
    "project_number": "20202283685",
    "firebase_url": "https://macro-nutrients-fitness-7fe89.firebaseio.com",
    "project_id": "macro-nutrients-fitness-7fe89",
    "storage_bucket": "macro-nutrients-fitness-7fe89.appspot.com"
  },
  "client": [
    {
      "client_info": {
        "mobilesdk_app_id": "1:20202283685:android:1038bad55eb94fd155634c",
        "android_client_info": {
          "package_name": "com.easyfitness"
        }
      },
      "oauth_client": [
        {
          "client_id": "20202283685-4ioaarjlmpe5f3kam300kf78vbicrl4c.apps.googleusercontent.com",
          "client_type": 1,
          "android_info": {
            "package_name": "com.easyfitness",
            "certificate_hash": "f3eae0756bd1e864abd3744be88ee3a2a9383f5b"
          }
        },
        {
          "client_id": "20202283685-cjikfrvi37uvimhvedminp8smd8rnobc.apps.googleusercontent.com",
          "client_type": 3
        }
      ],
      "api_key": [
        {
          "current_key": "AIzaSyDv75-h63SJjG30PkP4JWhKX5C-mgzqJ_A"
        }
      ],
      "services": {
        "appinvite_service": {
          "other_platform_oauth_client": [
            {
              "client_id": "20202283685-cjikfrvi37uvimhvedminp8smd8rnobc.apps.googleusercontent.com",
              "client_type": 3
            }
          ]
        }
      }
    }
  ],
  "configuration_version": "1"
}